,product,freq
697,S4402E0C31,11297
1286,S1705E0050,11181
1513,S1703E0291,10606
377,5.19E+294,9469
1285,S1702E0240,7599
46,17455E0790,7483
900,5.12E+255,7347
671,S170FE0600,7307
1552,S4702E0J61,6903
1075,5.49E+84,6736
1238,44882E1X21,6635
13,1.25E+44,6584
1340,1.65E+274,6195
901,5.12E+265,6140
39,1.79E+44,5889
1061,26332E0591,5846
1796,S440HE0741,5754
1236,44882E2330,5690
1237,44882E2320,5681
1341,16457E0320,5207
1808,S4702E0B80,4882
1130,S170FE0D22,4844
4,S171364090,4800
72,1.77E+84,4706
26,S123811080,4680
1293,S1701E0400,4607
9,S163771690,4512
228,S170FE0180,4431
1298,S1705E0150,4318
67,S4702E0561,4314
1500,S1703E0341,4300
7,2.32E+94,4168
24,S114091570,4149
1813,S170FE1221,4063
1287,21806E0P70,4033
1289,S4701E1460,3966
1745,S5025E0190,3893
669,S5022E0160,3886
1744,S5024E0280,3878
670,S5023E0260,3870
1756,S5023E0350,3858
1743,S5022E0330,3856
87,S3306E0401,3849
1346,7.75E+244,3820
1355,S4701E1B20,3804
873,47381E1Q40,3764
203,S1702E0110,3710
41,17051E0550,3561
10,1.23E+24,3550
70,17051E0540,3547
51,7.51E+45,3474
1492,S1704E0541,3456
908,5.12E+15,3430
125,1.24E+14,3388
11,1.25E+24,3381
102,S123011530,3371
32,1.76E+34,3364
1531,17051E0Y11,3304
1546,S4702E0P70,3294
21,S167122770,3277
63,S50U3E0091,3276
968,5.11E+14,3263
855,S440JE0F41,3228
1347,S170FE0N10,3226
98,S1205E0350,3158
1331,44882E2550,3080
50,17051E0720,3021
1749,S440JE1090,2994
701,S4403E0062,2992
199,S1703E0020,2955
232,S170FE0091,2920
33,1.77E+74,2916
1740,S440JE1020,2905
1483,21806E0V90,2898
85,1.79E+34,2844
220,S170FE0072,2828
136,1.54E+274,2802
1373,16715E0E00,2777
1337,7.75E+304,2759
48,17505E0470,2732
862,S4702E0C30,2679
58,17564E0390,2677
49,17505E0490,2670
1548,17051E0Y21,2603
404,7.75E+45,2588
1755,S440JE0T40,2577
92,S170FE0200,2551
883,5.12E+25,2528
90,S4702E0600,2526
1051,4.44E+144,2519
449,S1205E0431,2516
206,S170FE0063,2513
702,S4403E0072,2482
1,S120171810,2477
378,S1702E0100,2472
339,87208E0C40,2468
246,S170FE0271,2460
45,1.76E+74,2452
407,7.75E+114,2441
285,1.75E+24,2430
1879,1757278500,2424
1873,1757478190,2420
1086,4.85E+114,2411
1875,1757378570,2409
2080,1757278521,2402
1882,7523337070,2392
1517,S4706E0K31,2370
1846,S820AE0N90,2353
1087,4.42E+114,2348
230,S4402E0A50,2318
1475,S440JE0S10,2312
1676,16593E0N61,2309
104,1.56E+94,2267
62,S4702E0283,2258
531,S500SE0122,2194
198,S1703E0041,2192
1809,S4702E0J42,2171
1335,51941E0670,2168
44,S50T4E0030,2164
76,S50T3E0030,2156
37,S50T8E0010,2152
797,S7701E0280,2132
40,S171071560,2131
311,5.53E+85,2126
757,S160CE0530,2116
83,S50T1E0100,2116
366,S1703E0140,2108
1113,S170FE0261,2103
1377,51941E0640,2100
1376,51941E0630,2099
786,S4707E0540,2087
1738,S4402E0Q20,2078
792,S170FE0142,2073
42,S125091890,2073
1017,1.75E+14,2037
794,S170FE0082,2007
1022,S160JE0J80,2007
1671,S50U3E0340,2001
956,S160LE0312,1932
205,16206E0B31,1930
877,5.12E+35,1929
1482,21806E0Y10,1911
34,S473546950,1907
826,S4403E0110,1886
213,5.51E+26,1885
291,S160AE0060,1884
69,S50T6E0020,1881
1481,21806E0W10,1863
1207,S4712E0T91,1860
860,S4702E0A20,1859
117,S1702E0080,1858
764,S160CE0400,1853
27,S50T5E0030,1849
138,S1703E0170,1842
134,S1703E0160,1837
512,7701137020,1830
1870,1757478220,1823
221,S170FE0430,1817
126,S1701E0160,1817
139,S1701E0140,1812
260,23205E0350,1809
261,23205E0340,1806
283,3.31E+165,1801
611,S170FE0540,1797
1451,S4701E1J90,1787
1372,16715E0E10,1765
1345,51941E0680,1763
1545,S4702E0J81,1730
20,1.25E+185,1726
293,1.77E+225,1719
294,3.31E+174,1718
1876,1757478210,1718
295,5.30E+105,1716
200,S1702E0021,1714
74,17564E0360,1706
746,S16B1E0740,1699
781,17564E0530,1690
778,17564E0490,1687
12,S50T8E0040,1682
774,17564E0520,1680
773,17564E0500,1679
1690,S4702E0J92,1671
6,S50T7E0090,1671
653,1.26E+74,1667
392,S1703E0130,1666
650,8.31E+54,1666
1729,S170FE1190,1653
609,S4701E0S90,1649
268,S502NE0090,1641
828,S441EE0360,1640
229,S170FE0190,1636
52,17505E0510,1624
65,17564E0370,1624
2114,51908E0452,1622
888,21806E0F40,1619
708,S4402E0C41,1612
887,82702E2M41,1611
196,S1702E0011,1608
222,S4402E0E61,1602
1019,S160JE0J90,1601
652,5.81E+184,1597
1514,21806E0W00,1593
80,S171691061,1592
688,6.12E+164,1592
119,S4711E0C91,1589
819,S4702E0211,1588
1847,S820AE0P00,1571
859,87263E0C40,1565
276,2.10E+114,1560
793,23264E0A41,1548
954,S33MNE0151,1541
868,S500SE0410,1540
1367,47381E1Q71,1538
851,S4702E0890,1538
775,1.76E+24,1536
852,S4702E0871,1531
969,S4712E0R61,1514
1751,S4712E1D70,1511
256,2.10E+104,1507
224,S50T1E0110,1506
250,S50T8E0020,1505
36,S4702E0620,1503
1812,S440JE1061,1502
226,S50T8E0030,1502
249,S50T1E0120,1500
423,1.24E+144,1495
1516,S1704E0551,1490
100,S171691120,1487
1112,87208E0E21,1468
2255,6740337021,1444
1297,S1705E0120,1436
110,1.54E+284,1434
2260,6740437021,1423
1200,1.75E+64,1419
1389,17051E0Y50,1412
1761,17051E1131,1404
1733,S4403E0240,1404
315,5.73E+127,1402
305,77205E0470,1400
290,77205E0480,1400
1114,S170FE0282,1397
777,S1701E0250,1395
1382,S4712E1280,1393
779,17571E0750,1392
1437,S4712E1271,1390
56,S4702E0271,1379
57,S1221E0180,1373
252,17051E0E10,1371
717,S50T4E0080,1362
14,1.25E+75,1362
715,S50T3E0090,1361
174,S114091341,1360
1556,S4702E0J72,1359
1360,S820AE0D10,1355
15,2.28E+35,1351
1332,23881E0J30,1346
1555,S4712E1221,1340
1786,S4402E0C42,1332
344,S4402E0A40,1321
1724,S1702E0380,1321
277,S440JE0F40,1319
511,7701137010,1312
733,S4702E0662,1306
1530,S440HE0740,1305
43,S4702E0331,1303
1307,S1702E0310,1298
938,S1633E0230,1285
1284,S1701E0490,1281
1442,S4701E1J80,1276
159,S170AE0090,1273
1655,47381E1D82,1260
893,S340KE0100,1260
273,3.31E+205,1258
964,2.28E+144,1255
1004,S2904E0533,1249
59,S171373260,1248
1815,S170FE1121,1244
646,6.12E+77,1235
649,5.30E+134,1234
342,17051E0A70,1234
976,S160LE0341,1233
270,7.44E+274,1203
1129,S170FE0862,1201
1030,51444E0320,1196
1031,5.14E+264,1194
1599,51908E0500,1187
1742,S4702E0P30,1186
257,5.19E+195,1161
1364,17119E0750,1161
86,S4402E0810,1161
1735,S4701E1M70,1161
1844,S820AE0P10,1160
1343,S4701E1C50,1160
1752,S4712E1D90,1159
1036,17506E0530,1157
574,S1702E0190,1152
1736,S4702E0R20,1151
127,S1702E0120,1146
970,S502NE0240,1143
796,S7721E0110,1142
742,5.15E+24,1137
580,S1701E0220,1133
29,17138E0660,1131
130,S170FE0141,1131
1777,S5024E0290,1130
1771,S5025E0200,1123
1764,S502AE0170,1123
135,S1703E0030,1119
71,S174582770,1112
234,S51TLE0110,1106
791,S7702E0B20,1099
1054,S170FE0C91,1088
172,21893E0P10,1087
1582,21806E1080,1086
212,S330TE0041,1085
988,S4702E0781,1085
493,S4409E0380,1084
133,S160LE0220,1081
54,S4702E0591,1080
93,S163821420,1072
803,S1205E0320,1071
651,3.35E+24,1071
1878,1757178180,1067
1263,17051E0Q11,1062
22,S171364770,1060
1057,S440DE0050,1057
1058,S440DE0070,1053
790,S7702E0B10,1051
280,S340KE0060,1043
142,S170FE0081,1041
223,S5023E0060,1039
1045,17561E0V60,1035
30,S171365000,1035
1334,4.79E+104,1034
1271,17564E0790,1033
272,S5022E0180,1032
853,2.66E+144,1026
177,S171364881,1025
1625,17051E1470,1023
1750,S4702E0R60,1021
963,S33MNE0141,1017
60,S178801091,1015
170,S178801101,1011
1349,S4702E0860,1002
666,21592E0511,998
1574,S4706E0Q60,998
1336,5.85E+234,995
289,17455E0390,990
288,82702E1010,988
248,S50R3E0070,988
2194,16457E0390,987
476,82715E1S40,983
73,S178071350,978
1841,55173E0W10,974
749,8.32E+84,973
124,S1702E0151,966
1415,1757478150,966
788,5.10E+235,965
1174,S4712E0W10,963
475,1.23E+204,956
286,5.51E+224,956
300,S4707E0210,955
310,3.38E+75,955
316,S4707E0200,955
297,S4713E0860,954
889,47381E1Q50,953
1295,21806E0R90,948
1021,17561E0V00,940
1037,17506E0650,935
630,S50T5E0020,933
1810,S440JE0X42,931
1369,82702E3680,929
903,47381E1R60,927
227,S51T5E0050,924
16,S170FE0211,922
235,1.74E+134,914
878,47381E1Q30,912
307,S170744921,912
1814,S4403E0211,909
1033,S7721E0160,908
1739,S4403E0220,907
1366,1.25E+186,906
1027,S5050E0090,905
1246,S1205E0700,905
1265,S4701E1470,903
1264,S4701E1480,903
38,S4702E0343,897
776,S1708E0100,889
1248,S170FE0C71,888
95,44882E0L20,881
144,5.19E+205,879
1811,S4701E1C22,873
1712,S4701E1R20,872
1843,55173E0W20,867
233,S4702E0830,866
8,S125123810,862
2205,S170FE0531,860
2284,S440JE1021,854
895,S33MNE0130,850
638,S471EE0250,844
1551,S4701E1811,843
881,S440JE0S20,841
1711,S1633E0220,839
323,17506E0440,831
1845,5.85E+294,827
1082,S1703E0150,827
169,S171364821,825
107,S163821410,817
1440,S4452E0260,815
211,S170FE0260,813
334,S1702E0140,810
282,1.75E+104,809
112,S114091320,807
279,1.24E+124,807
422,S1702E0050,796
1685,S1705E0170,794
1684,S1704E0800,794
937,5.19E+254,794
28,1.25E+84,792
1728,16705E0710,790
1732,S4403E0200,783
1554,S4702E0Q70,782
1242,44882E2430,782
1241,44882E2420,780
639,S471EE0240,775
91,7.51E+54,772
1266,33823E0M20,767
1309,82702E3B40,766
1526,16456E0320,762
1125,6.50E+135,761
349,S175724641,759
987,82702E1Z60,753
231,S51TLE0090,753
1645,23205E0861,749
1941,S820AE0P50,749
361,17051E0770,749
1632,55173E0J91,745
1044,17561E0V40,736
1116,1.75E+154,734
1427,1.75E+165,733
356,S472763380,733
352,S175051080,730
348,S175724420,730
479,82702E1U80,729
1302,S1705E0130,729
360,5.19E+174,727
1741,S4701E1T30,724
734,S4702E0613,722
167,S170744520,722
337,S1703E0220,714
347,S444431630,713
1416,5847537060,711
1324,S1704E0390,701
1052,4.44E+134,701
292,S174358740,700
710,S4403E0082,699
271,S4402E0C30,699
474,17506E0450,697
503,7.44E+124,697
340,6.11E+164,697
610,S170FE0530,690
1661,S5064E0091,689
1578,4.46E+14,688
962,82715E3201,688
168,S170441111,685
2204,S170FE0262,677
1055,S1201E0240,672
1005,S4707E0600,663
1505,S489EE0400,658
1662,17119E0721,654
1231,S1708E0190,654
1311,17119E0570,652
106,S125124210,649
2273,21806E0Y20,648
1573,S1705E0160,643
309,1.75E+15,643
1691,S1703E0371,636
1943,S827511430,635
79,23264E0520,634
192,S170731280,630
137,5.17E+184,629
1868,1757278510,626
1398,82702E3N80,624
1775,S440JE0T30,621
258,S4403E0050,620
1048,51908E0360,619
1202,44882E1W81,619
1203,44882E1W91,619
1257,S4711E0N21,617
1041,17561E0V50,616
128,S520SE0020,609
532,S160LE0250,608
1628,1757378520,608
533,5.37E+224,607
267,21806E0710,606
111,17138E0430,600
1605,S4702E0J41,597
314,1.71E+34,596
210,5.19E+215,595
31,1.23E+14,585
103,S1205E0052,584
627,S40E8E0100,579
1477,21806E0L62,575
2264,6740337041,574
2261,6740437031,573
687,7.66E+14,572
1767,S5022E0340,571
1417,5847537070,570
1571,16115E0350,569
1584,S170FE0X50,569
974,S7701E0421,567
1731,S4403E0190,565
1510,S7702E0590,564
683,S4702E0354,563
1575,S471EE0270,562
61,S441EE0200,558
1710,827153VS21,558
1282,S3101E0140,556
209,S4442E0500,552
1787,S440AE0720,551
527,S4702E0353,549
341,82702E1A51,548
88,4.79E+135,547
526,S4702E0611,547
1532,S4702E0E80,546
278,S5023E0180,543
1512,S4706E0K21,542
1563,S4409E0B71,541
973,1.24E+135,540
275,S5022E0190,537
965,S2904E0540,537
1338,S170FE0N00,536
501,17506E0330,535
1212,1.75E+44,533
1405,82702E3N20,528
1217,17051E0N00,523
81,17561E0D00,522
1619,S1633E0380,522
1659,S5063E0161,522
1250,1263178090,521
1035,S5171E0040,516
1253,1263178080,515
1353,55173E0M00,514
1252,1263178060,513
1682,S1702E0360,511
1020,1.75E+34,511
681,82702E1861,509
1681,S1701E0420,509
1586,23264E0F20,508
1387,1263178071,505
47,5.16E+184,504
1588,S1702E0300,504
1223,1.75E+74,502
1397,82702E3N10,501
362,3.29E+95,500
269,21806E0640,499
375,3.29E+134,499
402,S7403E0030,496
372,S4402E0490,496
1407,S1173E0160,494
1524,16457E0340,494
376,S4701E0B71,492
185,1.25E+14,492
374,S440JE0B80,492
530,1.79E+54,492
1218,17506E0A30,491
158,S1205E0360,488
806,17051E0C10,487
1378,55173E0M10,486
385,S170FE0300,485
1940,2380978200,482
373,S4409E0320,480
521,S123041591,479
448,S1205E0441,479
756,8.28E+175,479
426,S1205E0370,477
1759,5517337810,477
1765,4.46E+254,475
654,6.50E+134,474
1748,S4403E0230,473
1596,47758E0490,473
1598,S4702E0N50,471
1018,47381E1U30,470
625,S40E8E0090,470
1595,S1703E0361,470
1569,S4712E0680,467
588,87208E0E20,467
1412,5.73E+104,464
1776,S440JE1050,464
1493,17051E0Z30,464
17,5.10E+54,463
633,S4711E0P50,463
1675,5517337820,461
1418,61086E0541,461
145,S340ME0021,461
524,S123031741,461
1419,82702E3331,460
1674,5517337670,457
1167,S160LE0320,457
1205,S4707E0581,453
1047,51908E0350,451
1471,55173E0P50,448
207,S170FE0101,447
1549,81218E0891,447
1126,7.44E+165,444
1006,23205E0720,442
1272,17051E0Q21,440
1127,74401E0431,440
2276,21165E0A40,439
2062,55173E0W31,439
743,8.31E+64,438
1781,17455E1J40,438
1009,46453E0570,438
330,1.76E+194,434
1219,S5050E0100,434
1672,1757478160,432
1498,S4712E1290,431
1016,16593E0G60,430
827,S4403E0120,430
780,S4702E0344,429
1138,5.51E+84,426
584,S4403E0061,426
1247,S1205E0710,425
23,S171071261,425
1454,55173E0P40,424
313,S4402E0360,423
1544,S1705E0140,423
1406,82715E4Q10,423
482,8.84E+195,423
1474,S1704E0631,420
1790,8.67E+25,419
0,S171071280,417
485,S4403E0071,416
668,21806E0701,415
1627,82715E4P71,414
225,S50T5E0050,414
1028,16593E0G70,414
1214,17051E0M90,413
2270,5.85E+204,411
861,S4702E0780,410
849,5.14E+94,409
1163,17561E0V10,409
850,51403E0370,408
484,S160LE0141,408
25,S171071110,407
1012,5.15E+135,403
1243,21893E3Z90,402
1587,S1701E0580,400
1084,S1704E0480,399
1683,S1703E0390,398
643,S4402E0392,393
1478,82702E3U20,391
1597,S170FE0S30,388
698,S4403E0051,384
621,17051E0K10,384
1832,16705E0681,381
1696,S1702E0341,381
132,S2907E0220,379
1562,S4402E0G41,378
958,44882E1J71,377
408,S4431E0580,377
175,S114091270,376
1026,51941E0470,373
1499,S4712E1300,372
388,S160LE0200,371
1197,55173E0E10,370
876,S440JE0S30,368
2103,23809E0601,368
655,5.82E+94,368
1594,1.75E+224,368
149,S123041551,364
266,S123031621,362
1172,61086E0510,362
53,S4707E0230,361
890,S4701E0X20,358
19,S4701E0K10,358
857,5.51E+74,358
758,S4452E0280,358
863,1.74E+114,358
866,S16B1E0090,358
1227,S4415E0N00,356
371,82702E1D70,355
747,51474E0341,355
1704,S7701E0601,354
1773,S170FE0A90,350
1464,82715E4610,350
2004,S820AE0P60,349
891,S4701E0X30,349
1446,S170FE0Q00,349
1029,17506E0630,349
1626,S4402E0N12,348
966,5.49E+64,348
1585,S4711E1280,346
725,5170537A50,344
1375,23264E0E40,343
1089,S1701E0330,343
1441,S4701E1C21,341
618,S4402E0G40,341
396,S160JE0050,340
395,1.75E+35,340
1565,8943937380,340
1564,4645A37020,340
401,S4402E0C50,338
1654,4491937020,338
2142,8271536C00,337
750,S4416E1110,335
1173,23809E0560,334
1869,1757478200,333
264,1.24E+134,333
682,21806E0661,332
711,S4402E0382,332
1669,17051E0Z20,331
1772,S4402E0Q10,330
1693,S1702E0320,329
245,21806E0660,326
1757,75102E0310,325
817,S160NE0140,324
429,S1701E0130,324
1439,S440JE0X41,322
766,S4713E0610,322
1176,S170FE0C81,322
1581,S4442E0T90,322
740,17119E0550,320
736,51443E0450,320
411,S174582631,320
208,S4402E0C40,314
768,8.27E+125,312
327,17051E0360,312
1766,S440JE1030,312
902,S7701E0410,311
865,S160AE0010,311
719,S4402E0372,310
2174,S4702E0G10,310
82,S4702E0661,310
763,51474E0360,310
737,51474E0330,309
331,21806E0531,308
287,S1703E0050,307
787,17706E0401,306
389,5.18E+64,306
1687,S1702E0370,306
1677,1.76E+44,306
1201,1.75E+54,305
1641,S1704E0641,302
197,S50U3E0070,301
5,S4711E0D90,298
1816,17119E0561,298
762,21165E0360,296
678,15407E0360,296
1434,S4402E0N70,295
1413,S820AE0G90,295
1507,17051E0Z10,294
1316,17706E0430,291
1658,17051E0Y90,291
904,23881E0B41,290
1511,3.32E+54,289
2071,26332E0830,289
1782,5.74E+195,289
738,8.32E+44,289
1401,82702E3P50,289
1444,3.29E+224,287
1522,16715E0C61,287
2079,S170AE0430,286
2069,S170FE0L71,286
2064,8.26E+24,286
771,S170AE0160,285
1060,S440DE0100,285
1414,827153VQ80,285
1784,82702E4700,285
770,82715E2T10,284
467,S171071780,284
1059,S440DE0110,284
677,16206E0620,281
399,S4701E0L01,281
1209,17051E0P10,281
1357,S4701E1D60,278
745,82702E2E00,278
1159,S1704E0430,278
1053,S170FE0A51,277
1210,17506E0390,277
1623,5.85E+254,276
1325,S1705E0100,275
1155,82702E2P00,275
78,S1205E0330,274
1328,S520SE0070,273
982,7.54E+54,273
724,5170537A40,271
147,S170744460,269
1854,S1702E0480,269
3,S174582880,268
1488,4.72E+144,267
155,S167122350,266
498,S123251742,266
644,16705E0550,265
343,S170FE0351,263
319,2.63E+274,262
364,17051E0760,261
2016,G9014E0080,261
398,S170FE0310,261
2040,1757278530,261
1783,5.74E+125,260
1222,5.14E+254,259
739,S4416E1131,258
1145,S2904E0610,256
815,S4702E0355,256
1822,S4701E0T70,255
568,4475637250,255
1070,1540778130,253
1708,S170FE1100,253
1705,S170FE1090,253
1144,17051E0U30,251
1664,17051E0Z00,249
805,17051E0562,248
1849,82702E4B40,247
2269,S440GE0321,247
2274,S440GE0310,247
1344,17051E1130,246
1312,17455E1C20,246
115,S171532970,245
1762,S520SE0051,245
981,7.54E+44,245
761,17119E0560,244
1105,7.80E+144,244
332,S170FE0281,244
1593,17051E1440,243
96,S178051110,242
759,S3306E0550,242
760,S3306E0540,240
1580,S4431E0V00,240
1160,S1633E0210,239
190,S171191440,239
365,S440AE0100,238
1570,17564E0C00,236
1805,S1705E0190,236
394,S793226620,235
141,S170745480,235
1083,S1702E0210,234
1157,82702E2N90,234
150,S123211950,233
1802,S1701E0670,233
244,44882E1770,233
238,S440HE0290,233
140,S170745690,233
242,S440JE0G80,233
469,S171532480,233
1806,S4409E0C60,232
1275,S1633E0360,232
1158,82702E2P10,232
1673,1757478170,232
215,44919E0A90,232
239,S440JE0G90,232
1064,5.15E+295,231
148,S440JE0541,228
2272,1.61E+224,228
1015,S460FE0Q71,226
1011,S460FE0Q61,226
1411,5.14E+24,225
840,5.81E+214,225
1224,51444E0360,225
1631,5.14E+15,224
499,S114091261,224
1313,17455E1C70,224
1314,17455E1C80,224
387,S440JE0K01,223
433,S4701E0B81,221
1194,S510KE0240,220
1188,S510JE0012,220
1088,S4712E0U31,219
1528,5.10E+74,219
592,17051E0B41,219
593,17051E0B31,219
1523,S440AE0381,219
765,S4416E1120,218
1472,1.20E+14,217
418,7.75E+74,217
2120,S4707E0D40,217
302,1.26E+65,216
748,51474E0370,216
306,8.31E+14,216
1568,S1704E0371,216
430,17041E0430,213
1384,17051E0Y60,213
1426,S4702E0E91,212
1184,17571E0B70,212
1858,5.34E+46,210
676,47381E1G41,210
744,17706E0390,210
2122,S799951440,209
265,4834237030,208
1261,16456E0310,208
1190,8.28E+28,207
2072,44882E2P40,207
333,S170FE0360,206
1443,3.29E+204,206
1191,S870ZE0080,206
1700,1757378540,206
1404,82702E3N00,206
1066,S170FE0B51,205
899,23881E0D30,204
1636,S4707E0A41,204
1719,5.83E+14,203
1857,5.34E+37,203
1692,21806E1040,202
186,S123031720,202
1274,82702E1511,202
1865,44882E2N20,200
1476,1.23E+54,199
1473,1.23E+34,199
1489,47381E2Y90,199
585,S170FE0450,199
2125,55173E0E50,198
201,S114091230,198
304,5.81E+134,198
358,S167122381,197
435,S170745720,197
1323,S1703E0300,197
432,S170745710,196
920,82702E2E10,194
1494,17051E0Z50,194
1763,21806E1202,194
656,6.50E+214,193
1624,21806E0W20,193
1081,S1702E0180,193
754,S4707E0520,192
254,1750678020,192
1833,S4409E0B12,191
1709,21806E0S21,190
1804,S1703E0420,190
1803,S1702E0400,190
2126,S4701E1W90,189
241,S178071340,189
1085,S1704E0490,189
262,S4403E0060,189
1653,21557E0N90,189
978,5.19E+204,188
1497,S4707E0A30,188
1694,77777E0F00,188
925,5.13E+204,187
929,5.13E+104,187
109,S171381270,187
1433,S4402E0N00,187
1608,33804E0340,186
2275,S7702E0D32,186
338,17506E0340,186
152,S170744960,185
804,S1702E0040,184
381,S476472440,183
64,1.25E+124,182
686,S4451E0371,182
685,S4451E0361,182
1429,S4409E0A30,182
1409,21896E0790,181
1699,S1702E0350,181
696,5820837010,180
2,S125612021,180
218,5.20E+24,179
735,7.44E+286,178
219,5.20E+25,178
1480,S1701E0500,176
928,51136E0G50,175
936,16206E0C20,175
460,S125124430,174
455,S171364850,173
461,S171364840,173
459,S171364830,173
1043,17561E0V20,172
450,S171071230,172
924,S4711E0K00,172
452,S171364630,172
983,7.54E+64,172
454,S171364610,172
312,6.12E+76,171
363,S4402E0381,171
1951,46453E0440,170
1193,S871XE0110,168
129,S167122420,168
1590,17051E1380,168
1268,21893E2Y21,167
400,S4402E0371,167
1455,17505E0E80,167
1467,17505E0E90,167
296,5.30E+115,166
478,16715E0870,166
1529,21806E0W90,165
473,16715E0850,165
481,16715E0840,165
751,S4711E0T30,165
1630,17505E0F21,165
1315,17706E0410,165
477,16715E0860,165
550,S170FE0470,164
1056,S1708E0131,164
2066,S4701E1W00,163
640,S4409E0550,163
2077,S4452E0450,163
2075,S4409E0D50,162
2271,47758E0551,162
1040,17561E0V30,162
675,17051E0J80,162
673,17455E0Y00,161
684,17051E0K61,161
2070,1.55E+154,160
561,S4402E0C91,159
2074,82702E4N70,159
1318,S1702E0270,159
472,S170745660,158
97,S160161220,158
153,S163821031,158
1354,8.67E+24,157
263,S5023E0190,156
247,S5022E0200,156
303,3.35E+14,155
1447,S170FE0Q10,155
123,S123211962,155
2285,S440JE1051,155
1525,82702E3M01,154
120,S123251732,153
1301,16705E0560,153
807,S170FE0250,151
1801,17455E1J60,151
1660,S4701E1862,151
714,5.82E+104,150
713,5.82E+55,150
1871,3142237030,149
2290,88688E0760,148
722,2392178380,148
1206,S4707E0591,148
2153,1757578380,148
1831,S4409E0B22,147
1095,17051E0S30,146
298,7.75E+94,146
1824,S440CE0160,146
752,S4735E0020,145
1992,S170FE1580,145
1273,12514E0462,145
355,S511RE0010,145
453,S440JE0K11,144
869,1.79E+114,144
164,S4403E0100,144
1881,7445237330,143
1797,S4706E0T21,142
1561,S2904E0790,142
1606,7.82E+54,142
2118,S4706E0Z50,140
1181,82702E2D80,140
699,S4702E0612,140
1577,17455E1G30,139
1121,S840ZE0220,139
1180,5.53E+124,138
1195,S871XE0100,138
1233,S170FE0M00,138
1182,5.73E+54,138
75,S120173640,137
1152,7.82E+25,137
284,6.50E+84,137
415,S160LE0190,136
672,17455E0Y10,136
2076,S4431E0Y80,136
508,1.79E+64,135
2171,S4701E1Y20,134
2032,G9015E0050,133
2015,G9014E0070,133
2028,G9014E0090,133
2113,G9011E0141,133
1072,23205E0820,133
1716,6.88E+14,132
2065,82702E4N80,132
1460,16607E0330,132
55,S4702E0610,132
66,S4702E0352,132
799,7.73E+54,131
1780,S1704E0830,131
1118,S2904E0620,130
2266,6740837011,130
1620,3.29E+215,130
2267,6740737011,129
1461,16607E0340,129
367,S174356960,128
1479,S340KE0182,128
1609,S1703E0350,128
1422,82702E3S00,128
932,5.18E+34,127
1117,21893E0S00,127
1403,82702E3R60,126
641,S7701E0240,125
68,S500SE0121,125
383,S1703E0110,124
237,S820AE0421,124
1255,1.63E+164,124
923,82702E2E20,123
695,1776578150,123
1702,7.75E+136,123
704,7.73E+44,123
1186,87121E0580,122
94,S171071600,122
2136,SZ51706001,121
403,S1702E0070,121
1215,7.54E+74,121
927,21165E0540,120
299,17455E0400,120
930,S4712E0E00,120
409,S150481450,120
118,S171365511,119
2172,S440HE0A40,118
1269,44882E2300,118
709,S160LE0261,118
397,S174357270,118
1187,S16A7E0090,118
662,S1703E0250,118
1164,17561E0V70,117
1262,23881E0F90,117
1140,17051E0U70,117
1141,17051E0U60,117
451,S163821440,117
1310,17051E1290,116
663,S520SE0060,116
491,17051E0B10,116
1678,21806E1010,116
1779,S502AE0180,115
1686,47381E3Q00,115
1880,1757378560,114
922,7.80E+134,114
1161,17506E0660,114
2167,S799964920,114
113,S125122000,114
410,S150481440,114
1330,S1701E0540,114
841,1.55E+125,113
2106,S522221360,113
846,23205E0361,113
1601,51908E0490,113
1867,S473011850,112
1652,16607E0350,112
1592,17051E1400,112
971,S4707E0660,111
921,8.27E+234,111
707,S7701E0300,111
1211,17051E0P20,110
368,S448472110,110
612,17051E0J70,110
1452,S820AE0K60,109
977,S4712E0K41,109
548,S5023E0230,109
1502,3.36E+284,109
1866,S7701E0680,108
1356,S4701E1C40,108
549,S5022E0240,108
821,S5023E0191,108
325,S178071370,107
1823,S440CE0170,106
1150,7.82E+45,106
488,S4403E0081,105
820,S5022E0201,104
569,4834237050,104
84,S125171010,103
1069,17051E0R41,103
1425,1.75E+184,103
1424,1.75E+194,103
419,7.75E+135,102
1067,17051E0S41,102
1853,S1704E0880,102
2002,S460FE0K70,102
486,S171362270,102
1320,55173E0J80,102
2254,7728137A00,102
596,6.64E+16,102
1877,3142237020,102
1799,8.20E+14,102
911,S4452E0190,102
1714,S4701E0543,100
1220,S5050E0110,98
1225,51444E0380,98
2123,S799937040,98
1795,17051E1590,98
131,S171191334,98
353,S175724650,97
122,S170745032,97
525,16715E0B90,97
664,S8901E0220,97
2116,S799911190,96
926,S871WE0090,96
1792,S1704E0820,96
464,S170745050,96
1924,82702E2560,95
187,S125612080,94
753,5.18E+134,94
324,S170744472,94
755,5.18E+124,94
1613,47381E2M70,93
1791,S1703E0410,92
1465,17506E0580,92
1456,17505E0F00,92
431,S440AE0160,92
1171,S160JE0K40,91
972,S502NE0181,91
1649,21806E1230,90
1466,21893E4770,90
2034,S440JE1130,90
1557,S4702E0J91,90
420,S1205E0310,90
490,21806E0700,89
1221,51444E0370,89
386,S4402E0391,89
425,S440JE0M70,88
1947,S473529320,88
597,6.64E+66,88
1527,7.78E+234,87
723,2392178370,87
1889,S799955300,87
251,82702E1860,86
1147,8.29E+144,86
1390,44882E1820,86
1392,S820AE0D90,86
1701,S4409E0B21,86
2037,6136565010,85
1793,S1702E0390,85
1430,S503BE0060,84
1680,21806E0Z90,84
326,S170731720,84
1794,47381E4B40,84
380,S4402E0820,84
1470,S820AE0K80,83
1463,S820AE0K90,83
1142,S4702E0E61,83
1235,S170FE0M10,82
1380,S4442E0L30,82
800,6.12E+174,82
1462,S820AE0K30,82
1458,S820AE0K70,82
1468,44443E0540,82
1457,44443E0530,82
489,1.25E+244,82
462,S178051050,81
1228,S40E8E0220,81
1229,S40E8E0230,81
2061,82751E0V60,81
1835,82702E4890,81
2030,G9015E0030,80
1216,7.54E+94,80
35,17138E0570,80
769,82702E1510,80
253,S125092040,79
405,S170743071,79
1074,17505E0B60,78
1817,17119E0821,78
406,S170743082,78
1922,S479084230,78
1651,S440CE0123,78
1385,23881E0J00,78
2011,89539E0600,77
1148,82702E2Y11,76
1342,S4701E1C30,76
842,5.72E+164,76
834,5.72E+154,76
2063,S47908200B,76
830,23205E0370,75
616,S500BE0220,75
1326,S170FE0M60,75
1365,1.25E+125,74
721,7728537840,74
114,S125131011,74
1901,S154926081,74
959,S500AE0231,74
1703,51712E0330,74
961,7.74E+95,74
2137,S460FE0L00,73
1521,S170FE0M71,73
154,S125091492,73
2140,1757378650,72
1698,S4409E0B11,72
1883,S799912962,72
274,S125171301,72
2067,55173E1190,72
1998,S559017470,72
1860,S799963040,72
2055,S514763880,71
1988,S8901E0550,71
216,1.25E+234,70
414,7.44E+215,70
2046,82751E0A40,70
933,S793226652,70
538,S5022E0220,70
1535,S4712E1550,70
1538,17706E0520,69
1496,5.74E+124,69
1706,21806E0N80,69
1490,5.74E+194,69
1540,5.10E+304,69
1543,S4707E0A10,69
417,7.44E+95,69
1914,S799932430,69
1663,17119E0760,69
1539,17706E0510,69
998,8.87E+34,68
1770,S5024E0300,68
1432,5.85E+224,68
1825,S440AE0750,67
1697,8.83E+194,67
2031,G9015E0040,67
487,S4409E0262,66
2035,S799911680,66
547,44882E0R41,66
217,S170744020,66
1778,S5025E0210,66
1727,5.34E+45,65
867,1.79E+104,65
393,5.57E+34,65
2033,S4711E1F40,65
202,1770578050,65
845,1.55E+115,65
2018,46453E0520,64
1689,17051E0Z60,63
1469,S820AE0K50,63
1688,17051E0Z40,63
1769,S5023E0360,63
171,S170731710,63
835,5.72E+174,63
838,6.10E+24,62
847,6.10E+25,62
1768,S5022E0350,62
836,81218E0770,62
1726,5.34E+35,62
843,5.81E+185,62
1934,6745265010,62
2111,51702E0531,61
1304,S7702E0E10,61
184,S1205E0340,61
2188,S7721E0270,60
546,S166022032,60
520,16715E0B70,60
957,1.76E+164,59
2128,S799959970,59
2047,S170FE1811,59
1800,8.20E+24,58
437,7.44E+224,58
2398,S4701E1R80,58
515,S125081950,58
2012,S799932790,58
1789,S4402E0F71,58
2041,S473542710,57
178,S120171240,57
1115,1.64E+304,57
1862,S799935490,57
694,S7702E0A60,57
173,1.25E+184,57
495,S125124320,56
947,S1702E0130,56
1153,1.66E+196,55
570,827153VP30,54
1025,47381E1Q70,54
1851,17051E0T00,54
2225,S4402E0U50,54
1903,S799958260,54
559,51731E0450,54
2161,1757478230,54
2158,1757278570,54
1319,S520SE0050,53
2121,S154926330,53
412,S440JE0J91,53
2045,82702E2370,53
1379,S3142E0A60,52
457,S1205E0190,52
613,17051E0J60,52
2145,17051E1860,52
2146,17051E1870,52
1487,17051E0Z80,52
693,S4409E0600,51
522,16715E0B80,51
690,S4409E0590,51
692,S4408E0180,51
833,81218E0790,51
831,81218E0780,51
504,7.44E+294,51
2043,SZ51706019,50
598,S5151E0441,50
507,7.44E+114,50
1618,16705E0680,50
89,S4403E0070,50
1183,S4712E0X30,50
440,S171191540,49
441,S171191550,49
1101,17505E0B40,49
1629,S4701E1D11,49
1436,S8901E0441,49
2198,S1703E0480,49
1603,21806E0Q10,48
346,S178071300,48
1519,8843137230,48
1520,8803737130,48
1239,17051E0P50,48
2051,82751E0C60,47
2048,S799959270,47
832,S4409E0492,47
1900,S154911220,47
519,S178801140,47
1785,S500TE0040,47
1788,S870ZE0070,47
193,4882437200,46
1558,17506E0590,46
281,4882937110,46
1895,S799968101,46
557,1.73E+274,46
1213,7.54E+84,46
1204,17051E0W00,46
1720,3.13E+74,46
560,S160LE0233,46
556,1.73E+284,45
1897,S799959290,45
1607,S4706E0T20,45
1396,21806E0U80,45
1892,S799954850,45
1893,S799962500,45
1891,S154921540,45
1890,82702E2C10,45
1887,S799953420,45
1886,82751E0J00,45
1448,S440AE0450,45
1894,S799957021,45
1874,1757178190,44
1911,S473542700,44
359,S440JE0512,43
101,S125123870,43
1391,17051E1150,43
509,S125123761,43
1547,17051E0Y81,42
1999,82702E2B80,42
384,S123811090,42
1602,21806E0X30,42
2187,S7701E0750,42
2049,S166051430,42
2052,S473521750,42
995,4.44E+114,41
1080,2.16E+274,41
2127,G9011E0111,41
2096,S4707E0D10,41
2135,S799958621,41
2102,S4713E0S50,41
2057,S799963350,41
2084,8.31E+104,41
166,S167122500,41
1856,S8220E0031,41
2054,5571565020,41
2094,S4409E0D00,41
1090,1.64E+54,40
1910,6971965010,40
1079,1.64E+64,40
975,17051E0E92,40
157,S125091502,40
919,5.73E+65,39
255,4436937250,39
535,S170743885,39
1096,7.82E+34,39
2293,S1703E0471,39
2292,17051E1B61,39
1553,47381E1D81,39
648,1.76E+124,39
1065,4.44E+105,39
434,S125123602,39
667,S7701E0270,39
318,6.64E+15,39
308,6.64E+65,38
1905,S473513020,38
573,S125124440,38
741,5.10E+234,38
2110,82715E6L30,38
2068,23264E0J60,37
1179,1.66E+215,37
1918,44882E1U30,37
1666,17455E1G10,36
1861,S479087712,36
1929,S4706E0450,36
658,S175614950,36
2005,S799933170,36
1747,S1701E0640,36
944,17051E0G80,36
444,S170743541,36
1078,S2914E0800,36
1667,17455E1G20,36
1928,S799967590,35
1091,17505E0B20,35
1933,S4706E0440,35
1094,S820AE0892,35
2129,SZ51706002,35
1104,17505E0B50,35
336,1.25E+194,35
1102,17506E0840,35
1954,S292863340,35
1097,S170AE0210,34
536,S170744453,34
555,17051E0561,34
510,S125123740,34
617,1.64E+24,33
591,17051E0B21,33
1935,82702E2750,33
1600,21806E0Z80,33
517,S125081820,33
2119,G9011E0131,33
1032,S4711E0N20,33
943,17051E0P60,32
581,S170745470,32
1980,21016E0370,32
1982,82702E4F40,32
1923,S799939690,31
2210,17505E0D00,31
2397,21806E0Q30,31
1957,51701E0620,30
2396,47758E0541,30
1234,23881E0F30,30
1610,21806E0Z30,30
1093,17505E0B30,30
1991,5.17E+114,30
1611,21806E0Z40,30
1974,S4402E0R60,30
2191,21016E0361,30
1972,S170AE0420,30
1961,S170FE1870,30
1967,17706E0590,30
1971,89539E0590,30
1515,47381E3401,29
1199,17506E0A20,29
2020,G9011E0080,29
660,S125122411,29
2184,7.82E+94,29
1926,S799964800,29
1966,S4711E0R30,29
2183,7.82E+104,29
18,S500BE0190,29
2029,G9015E0020,28
2215,S440JE1260,28
2092,44781E0K20,28
731,S170FE0460,28
1904,S799965250,28
2201,17503E0320,28
428,S125091730,28
105,S1205E0070,28
2244,17051E1C40,28
2112,G9011E0091,28
181,S171364251,27
2206,S440JE1270,27
545,S125091470,27
2024,G9011E0120,27
1925,S473535590,27
465,12511E0680,27
1169,16593E0K20,27
914,S4402E0F20,27
915,S4452E0170,27
917,S4452E0290,27
918,S4452E0200,27
2115,G9011E0101,27
143,S1205E0250,27
1932,S799931610,26
1491,S1710E0330,26
1948,S4701E0U60,26
513,S125091850,26
642,S178071410,26
2073,44919E0T10,26
2044,S473547200,25
1572,S1701E0570,25
1907,S154911980,25
2185,7.82E+64,25
1863,82751E0A60,25
1938,4.65E+304,25
1668,16361E0320,25
413,S570224430,25
2165,1.78E+224,25
1950,S799931520,24
2218,S500SE0290,24
1917,5818865030,24
121,S171363461,24
514,S171362290,24
2006,S154922820,23
463,S1702E0170,23
706,S7701E0290,23
1888,S473546760,23
534,S125091431,23
1189,7.40E+54,23
1276,51908E0390,23
1495,17506E0A40,23
2089,S4702E0S80,22
502,S171363470,22
1000,S4402E0F70,22
729,2.80E+44,22
1612,21806E0W50,22
2091,23264E0G50,22
2216,S440JE1290,22
1170,S3142E0650,22
1909,82751E0D70,22
1915,5323565020,22
1913,82751E0720,22
2093,5.51E+94,22
1983,S4415E0Y30,21
183,S114091380,21
2221,17051E1B50,21
1908,S799938320,21
163,S1205E0430,21
1997,S8901E0560,21
945,16715E0C60,21
2039,S799911270,21
1111,1.65E+186,20
2208,S5022E0490,20
1665,47381E3E00,20
151,S167121320,20
2209,S5023E0520,20
1946,82751E0A30,20
537,5.82E+54,20
1864,S473527860,20
1899,82702E2Y50,20
1518,21806E0V41,20
1393,S1205E0620,20
2331,S4702E0S81,20
1989,82751E0410,19
2025,S4402E0T10,19
1942,S799911840,19
2399,S4452E0310,19
1758,S4712E1A50,19
2013,17051E1840,19
2313,82702E4891,19
1916,5555865010,19
471,S170745801,19
2036,S154926181,19
2019,17051E1830,19
2003,82751E0730,19
2060,82751E0780,19
108,S123021322,19
1839,S3102E0060,18
1537,17119E0820,18
2095,S4442E0X40,18
1838,17505E0F60,18
1068,17506E0791,18
2400,S4701E1R61,18
240,S170732541,18
1859,5544565010,18
1840,G9011E0060,18
1615,21806E0X10,18
438,47381E1G40,18
1837,17051E0S90,18
1848,23809E0600,18
2101,S4711E1C40,18
1484,S4409E0B70,18
1559,1.78E+144,18
1431,44882E2760,18
259,S4701E0810,18
2207,S440JE1280,18
1617,21806E0X20,18
1836,17051E0S80,18
1281,55173E0J90,17
2223,74401E0580,17
2252,1757078060,17
992,17506E0780,17
716,S50T5E0040,17
718,S50T6E0050,17
317,S5005E0130,17
2253,7728137A10,17
993,17051E0R70,16
424,S123011542,16
2199,S4701E0V40,16
942,S4402E0K40,16
730,S125091901,16
1962,S4402E0K50,16
1002,17051E0R60,16
823,S448065950,16
2262,55173E0B90,15
1277,23205E0860,15
606,21806E0601,15
188,S125131190,15
2058,7.44E+35,15
2148,S171691050,15
1604,21806E0W30,15
2217,S4701E2260,15
1919,SZ51705003,15
864,1.75E+135,15
858,1.75E+114,15
856,5.81E+144,15
1014,1.24E+54,15
1008,1.24E+64,15
146,S123011330,14
2000,S154922211,14
2300,S1710E0391,14
1395,S1702E0290,14
898,82702E1U60,14
795,S123031581,14
506,2.32E+224,14
1679,21806E0S20,14
1975,S460FE0T90,14
165,S125121420,14
500,8966937040,14
1292,21806E0U40,14
1984,S4451E0380,14
563,S171363690,14
2130,S799932650,14
1965,S820AE0Q00,14
1978,17051E1760,14
1976,S460FE0U00,14
301,44882E0R40,14
243,17051E0B30,13
1249,81218E0890,13
236,17051E0B20,13
505,17455E0M10,13
529,S125123940,13
214,17051E0B40,13
492,S4402E0C90,13
2193,S4713E0S21,13
1973,S170FE0L30,13
1959,82715E6A00,13
1930,S154927040,13
2131,S799938430,13
1952,82715E2L10,13
1949,S154921031,13
2026,17051E1850,13
1449,S440CE0120,13
1003,2.28E+45,13
2117,S473517640,13
825,S448472100,12
824,S871YE0020,12
571,S125091590,12
1936,82751E0A20,12
2059,82751E0610,12
1394,S1205E0630,12
2144,S460FE0L10,12
1953,S799936210,12
2010,S514QE0180,12
2190,2.10E+295,12
1583,S1702E0340,12
1896,S799971190,12
960,S2904E0532,12
726,S171021050,12
1038,44882E1X20,12
382,1671578060,12
2219,S5024E0410,12
2220,S5025E0310,12
2222,47381E5070,12
458,S559117981,12
2192,S4701E1V01,12
1842,55173E0W30,11
160,S4403E0080,11
447,S4402E0E21,11
446,S4402E0E11,11
2132,S799956581,11
2256,S170KE0061,11
442,82702E1D80,11
439,S440JE0K41,11
2243,S171531361,11
2107,S154922270,11
194,S170743896,11
1920,S799932820,11
2173,55173E0S91,11
445,S440JE0J60,11
577,S167121632,11
1154,1.66E+214,11
952,82702E2P50,11
1386,S4702E0J40,11
953,S174358200,11
798,S125124221,11
910,S4712E0K40,11
590,S230311820,11
985,17435E0E60,11
1351,S4712E1220,11
2083,82702E4L60,10
2157,S799953220,10
2124,S4701E1W80,10
370,S125611180,10
1350,S4702E0J60,10
1533,21806E1150,10
599,S171363700,10
1884,S799936940,10
2086,S4702E0T10,10
345,5371937290,10
480,S50Y2E0030,10
468,S125091620,10
2017,S440GE0350,10
1198,17051E0V80,10
615,S1205E0162,10
624,S123011480,10
2265,55173E0C00,10
516,1657578130,10
2087,S4702E0T30,10
2097,S4711E1C10,10
1945,S799965160,10
1071,S500SE0421,10
2090,S4713E0S60,10
2100,21806E1770,10
2099,S4711E1C30,10
1542,21806E1160,10
575,S125081941,10
2226,S440GE0360,10
822,S125123440,10
2098,S4711E1C20,10
829,S1633E0060,10
2088,S4702E0T40,10
2053,82751E0B70,9
1291,S1703E0290,9
1579,S4409E0B20,9
1937,82751E0B80,9
2203,51702E0590,9
940,S16B1E0880,9
1670,S7701E0600,9
2042,4.65E+214,9
941,S16B1E0870,9
2202,47381E1C00,9
1695,21806E1201,9
1979,17051E1770,9
539,S125091330,9
1722,17051E0Y71,9
523,S171364290,9
2196,74401E0560,9
1898,S514762482,9
720,S170732380,9
1358,S4702E0J80,9
1024,17051E0Q30,9
542,S167121610,9
1621,S4701E1861,9
1459,1.64E+194,9
589,S230311810,9
931,S167121890,8
2186,4.55E+254,8
1985,S4711E1C50,8
1885,S471BE0051,8
2211,47381E2J80,8
1996,S4712E1F60,8
727,82702E2870,8
629,S5023E0211,8
2242,S799935570,8
628,S5022E0210,8
892,S125122010,8
2230,S440JE1320,8
1970,82702E4F00,8
1986,S4712E1F70,8
1956,26332E0810,8
2108,S799931640,8
335,S170745080,8
540,S171191310,8
1435,S4701E1D10,8
1352,S4701E1810,8
2081,4.65E+184,8
578,S170743680,7
1995,S4712E1F50,7
2249,S799967510,7
1987,S4713E0S30,7
391,S793171381,7
390,5.17E+134,7
2238,2.39E+34,7
379,S163361820,7
1306,51908E0460,7
712,S4402E0E01,7
204,S167122440,7
1969,82702E4D80,7
782,S171373240,7
494,S1205E0290,7
576,S171191301,7
1576,16593E0N60,7
189,S171364280,7
809,5.12E+34,7
1963,S4711E1C70,7
369,S793017192,7
161,S166071880,7
1960,82751E0K50,7
1958,82702E4D00,7
1050,S170FE0D21,7
1944,5555965010,7
2056,82751E0A50,7
2151,S799932630,7
2001,S799936952,7
2297,17505E0K80,7
2138,S473533900,7
2141,S799937350,7
647,S167122690,7
2227,S170FE0352,6
1042,44882E1W80,6
1616,S440CE0121,6
1046,44882E1W90,6
176,S793227261,6
1151,12514E0460,6
1725,S7701E0580,6
2237,S4702E0550,6
544,S125091702,6
2134,S799935260,6
436,S167122012,6
2050,S799938600,6
705,S440JE0R30,6
631,S50T3E0070,6
632,S50T4E0060,6
872,S4712E0R60,6
896,S33MNE0150,6
1178,S125124300,6
195,S233942100,6
2189,S134561012,6
1128,17051E0V30,6
1162,17506E0640,6
1721,S8220E0030,6
2259,21806E0Z91,6
2105,21806E1A40,6
1820,S4409E0C40,5
614,S125081181,5
2038,S799954780,5
1251,1263178070,5
1927,S114091290,5
2160,S170FE0A30,5
623,S171522200,5
1931,82751E0B20,5
1290,47381E2830,5
1737,S4712E1E10,5
2159,S170FE0A10,5
552,S171364940,5
2212,47381E2K30,5
2213,47381E5050,5
1753,S4712E1E00,5
357,S519044330,5
1541,21806E1140,5
2150,S799933700,5
1536,21806E1190,5
2401,S4442E0L01,5
884,S7701E0420,5
99,S178801150,5
1534,21806E1180,5
1001,26332E0590,5
2162,S170FE0A40,5
497,S233941610,5
2195,47381E5780,5
1132,21893E0R20,5
1423,17505E0F20,5
1283,47381E2800,5
2078,4.65E+244,5
991,S4702E0E60,5
1902,S276911440,5
1589,S1703E0370,5
1280,47381E2Z40,5
2082,S799959650,5
772,S171365021,5
1049,S170FE0861,4
2214,S1703E0470,4
1486,S5064E0090,4
984,S170732552,4
2178,S476481250,4
2008,S799934550,4
1109,1.66E+194,4
1428,S4402E0N10,4
999,S170FE0B50,4
1408,S1704E0640,4
2009,S799961970,4
1981,77777E0J70,4
1077,S2914E0790,4
2170,S112481200,4
2143,S799956590,4
162,S167122340,4
1977,S4702E0S30,4
1485,S5063E0160,4
2200,17051E1B60,4
2197,8.30E+274,4
811,S170745670,4
1296,S1704E0550,4
579,S170744543,4
732,S125091601,4
1208,S171191500,4
1707,21806E0X00,4
700,S1205E0172,4
594,S793017921,4
689,S125124420,4
2240,S7701E0770,4
2247,S4452E0220,4
1818,S4402E0Q90,4
1821,S7702E0J70,4
1166,17051E0Q40,4
2294,8.71E+14,4
1855,S4402E0R11,4
1294,S4706E0K30,4
626,S167121901,4
443,S4402E0E00,4
634,S122811680,4
1906,4.65E+204,4
1656,S4421E0850,4
2402,S4442E0K91,4
543,S125121970,4
528,1770678200,4
1939,S445911300,4
553,S170811390,4
789,S4702E0210,4
1560,55173E0J40,4
565,S171362840,4
1567,7.44E+244,4
1566,74401E0530,4
2288,21806E0Z70,3
2296,S154914910,3
1445,82702E3M00,3
2295,S154926250,3
1232,S125124200,3
1450,S4701E1860,3
582,S125123370,3
2155,S799934100,3
77,S171365391,3
1734,S440JE1060,3
2277,23881E0K20,3
939,S7721EW030,3
636,S50T5E0060,3
1039,17051E0Q10,3
608,S125081802,3
1333,47381E1D80,3
1438,3.29E+214,3
1399,82715E4P70,3
1400,82702E3P40,3
586,S1205E0132,3
1402,82702E3P70,3
1034,17051E0Q20,3
1410,5.14E+14,3
1359,S4702E0J90,3
637,S50T6E0040,3
2329,1.26E+204,3
1339,S4702E0J70,3
2133,S1205E0191,3
179,S171364300,3
2358,88688E0800,3
2311,8.30E+275,3
466,S170743811,3
1244,S125611950,3
2356,88688E0780,3
595,S793017930,3
1383,17051E0Y20,3
1134,55173E0D00,3
1149,S171381360,3
1136,5.89E+14,3
421,S1205E0440,3
1279,S489461600,3
2248,S514QE0030,3
808,S160161210,3
2228,S503BE0090,3
1135,55173E0C60,3
1133,1.64E+74,3
2229,47381E4Y00,3
2239,82751E0W30,3
783,1671578050,3
679,S171532070,3
875,82715E3200,3
2231,S4707E0F50,3
2235,S8901E0670,3
2234,S4707E0F40,3
879,S502NE0180,3
703,S4409E0610,3
880,44882E1J70,3
1175,S123021370,3
2224,8.67E+84,3
2232,5.85E+304,3
1299,S125123960,3
645,21592E0510,3
870,23881E0B40,3
657,S178071431,3
913,17051E0E91,3
1137,8.83E+154,3
1288,S4706E0K20,3
1300,S160161090,3
813,5.12E+24,3
116,S125123210,3
1185,S4702E0E90,3
2426,51443E0B40,2
2332,S5024E0420,2
1146,S4707E0580,2
2427,S5006E0460,2
1368,S171365031,2
2428,S5006E0440,2
1305,47381E2Z30,2
1245,S125611940,2
2425,51443E0B30,2
2333,S5025E0320,2
2334,S5022E0500,2
2335,S5023E0530,2
2341,S4409E0E91,2
2357,S1205E0650,2
1363,1671578090,2
180,S178841520,2
1230,S125091671,2
2424,51443E0B20,2
2169,82751E0J50,2
2233,S1710E0390,2
2179,82715E6J30,2
1108,S125081850,2
2149,S799965310,2
1254,61086E0540,2
2291,5144537140,2
2152,S170KE0060,2
2180,5.90E+14,2
2177,S473544720,2
2182,S516491722,2
2281,S799935481,2
2175,7.54E+164,2
2163,S171373180,2
1258,21806E0L60,2
1259,S1704E0370,2
2168,44919E0V50,2
2268,S1701E0600,2
1124,S125124371,2
1098,S170FE0C70,2
2320,S4701E1G80,2
2327,S440JE1470,2
1120,S123011420,2
2324,S4712E1A40,2
2323,21806E1360,2
2322,S4707E0560,2
1099,S170FE0C80,2
2319,S4707E0F60,2
156,S171361810,2
2303,S154921810,2
2302,S799961120,2
2241,21893E3X80,2
2139,S154922520,2
2301,S154926900,2
1165,S4712E0T90,2
2282,5.34E+64,2
1746,S7721E0220,2
1827,S1704E0630,2
916,S440JE0N70,2
894,S33MNE0140,2
1990,2.10E+294,2
1622,S4706E0Q70,2
1994,S4701E1V00,2
905,21806E0F90,2
680,S1205E0062,2
1717,5.34E+34,2
2007,82751E0490,2
934,S167121970,2
882,S2904E0531,2
1872,1757278520,2
1715,S160161110,2
935,S125113090,2
416,S178801131,2
814,5.12E+14,2
2027,G9011E0140,2
601,_S171364090,2
496,S120172460,2
885,S160LE0311,2
1501,17119E0720,2
572,S167121531,2
1955,21016E0360,2
812,17051E0E90,2
1921,S154921400,2
1718,5.34E+44,2
837,5.81E+204,2
1723,S440JE0W50,2
839,5.81E+194,2
801,S123031630,2
1912,4.65E+124,2
854,S2914E0450,2
1503,4.46E+264,2
871,5.12E+254,2
1509,S4707E0A40,2
1964,S4713E0S20,2
1508,44882E2610,2
784,S125123640,2
874,5.12E+264,2
1591,S1703E0360,2
1504,4.49E+34,2
949,S125612381,2
816,S319051740,2
541,S171373111,2
1381,S4712E1270,2
1240,7.78E+194,2
986,S175051430,2
1007,S166051500,2
1650,827153VS20,2
980,21557E0A30,2
979,1.25E+254,2
605,_12514E0010,2
967,S160LE0340,2
1657,S440CE0122,2
2085,S3142E0B90,2
558,S171364270,2
994,4.44E+104,2
1754,S4403E0210,2
566,4882437250,2
564,S125112760,2
562,S125081302,2
567,4882937120,2
2349,S440JE1560,1
2306,S170FE1M80,1
2309,82751E0510,1
2346,S4409E0E80,1
2347,S4409E0F00,1
1826,5.34E+36,1
2308,26332E0D20,1
2307,S170FE1N90,1
2351,21806E1B30,1
620,S4451E0360,1
2304,S170FE1M90,1
2305,S170FE1N80,1
2350,21806E1A90,1
2298,S1205E0660,1
2348,S4409E0F50,1
470,S170745780,1
619,S4451E0370,1
1819,S4402E0R10,1
2299,1775478030,1
607,_S160LE0200,1
483,8.84E+194,1
2345,5.52E+84,1
583,S171362490,1
603,_S170FE0200,1
1807,S4702E0540,1
2321,S440JE1440,1
602,_S4702E0331,1
2317,S4409E0F40,1
2325,S4409E0E90,1
2326,S440JE1460,1
600,_12501E0181,1
2328,S178071390,1
2316,S4701E0W40,1
2330,5.51E+164,1
2315,44882E2Z50,1
587,S123031710,1
2314,21806E1B00,1
2310,S799932220,1
1713,S125122280,1
604,_S170FE0072,1
518,S160LE0231,1
2336,S4409E0F41,1
2337,S440JE1550,1
2338,21016E0510,1
2339,55173E0S50,1
2340,S7702E0Q20,1
2342,21165E0G70,1
2343,S7702E0J10,1
2312,21016E0520,1
2318,21806E1A60,1
2344,21165E0G90,1
1798,S167031246,1
1063,S170744671,1
2352,21165E0G80,1
2403,17051E1D61,1
2409,51021E0440,1
2408,S510KE0035,1
2407,S5106E0120,1
2406,5.12E+224,1
2405,5.15E+25,1
2404,17051E1D71,1
1760,S163821130,1
2411,5.13E+27,1
1730,S170FE1220,1
1226,S4707E0740,1
2395,17051E1D80,1
2394,17506E0D40,1
2393,17051E1D90,1
2392,17051E1D70,1
2410,5.12E+104,1
2412,S510JE0440,1
2390,S7701E0780,1
2421,5.15E+34,1
2430,6.50E+295,1
2429,5.80E+15,1
554,S170732170,1
551,S114091252,1
2423,S8901E0720,1
2422,S820AE0F10,1
2420,S4701E2120,1
2413,S489062990,1
2419,5.13E+25,1
2418,5.13E+26,1
2417,5.13E+15,1
2416,5.12E+16,1
2415,5.12E+44,1
2414,S510PE0010,1
2391,21016E0540,1
2389,17051E1D60,1
2353,8.67E+114,1
1828,S51E1E0410,1
2369,S4409E0E60,1
2368,S4409E0E20,1
2367,S440AE0570,1
2366,S440JE0Z70,1
2365,S4706E1220,1
2364,47381E5K50,1
2362,44882E3120,1
2371,S4706E1270,1
2361,S440JE1080,1
2360,S440JE1670,1
2359,S4409E0E50,1
1774,S170FE1120,1
2355,S4701E1N10,1
2354,S4409E0F10,1
2370,S4402E0Q80,1
2372,S4706E1290,1
2388,17506E0D60,1
2381,S4409E0C10,1
2387,17506E0D50,1
2386,17506E0D30,1
2385,21165E0F60,1
2384,S4711E1M80,1
2383,S4706E1230,1
2382,S4706E1210,1
2380,S4409E0360,1
2373,S440JE1660,1
2379,S4402E0Q70,1
2378,47381E4710,1
2377,S4452E0530,1
2376,S440FE0200,1
2375,S4409E0E40,1
2374,S4701E0S70,1
2363,8.67E+124,1
1177,S473851614,1
1196,82715E0W80,1
2023,G9011E0110,1
1322,47381E3400,1
2166,S125111120,1
1110,S171363991,1
2164,S167122580,1
2021,G9011E0090,1
2022,G9011E0100,1
946,S7721EW020,1
321,6.50E+56,1
1327,S170FE0M70,1
328,S471FE0051,1
2156,21893E4D50,1
1453,S170745440,1
2154,S799932740,1
322,7.80E+34,1
329,5.81E+96,1
2014,G9011E0130,1
1321,S440AE0380,1
1119,1.66E+195,1
1317,21806E0V40,1
2176,S799934210,1
912,S125123700,1
909,S166021891,1
907,44882E1N40,1
2181,S440JE1191,1
906,44882E1U40,1
1122,1670578010,1
1123,7.44E+44,1
897,S243021092,1
1131,S167031252,1
1993,S170FE1810,1
1308,S1704E0540,1
948,S167122590,1
320,S4409E0261,1
1829,S51E1E0440,1
1362,1671578100,1
1013,7.44E+164,1
182,S167101030,1
1023,S4712E0U30,1
1076,S4702E0530,1
1388,17051E0Y10,1
1361,1671578080,1
191,S167122030,1
950,S174358211,1
1073,82702E2Y10,1
1374,17051E0Y80,1
1062,S170744680,1
1370,S125091661,1
2109,82751E0590,1
2104,S125124011,1
1010,74401E0430,1
997,17506E0790,1
996,17051E0R40,1
1348,S4701E1C20,1
1092,7.82E+24,1
1420,S167122700,1
1421,S440JE0X40,1
990,S500SE0420,1
989,17051E0S40,1
1100,1.65E+185,1
1103,S16B1E0710,1
955,S125124230,1
951,S174356981,1
1106,16505E0490,1
1107,S125114430,1
1329,47381E3120,1
2147,82702E2850,1
886,S125124252,1
1303,S1703E0340,1
1968,51702E0530,1
1270,1.75E+164,1
1648,S4416E0Z40,1
1371,16705E0670,1
1647,S4416E0Q90,1
1267,S170745380,1
1646,S4416E0Q10,1
659,S167121940,1
2263,7.44E+154,1
1506,17051E0Y70,1
1168,S125123780,1
1644,S4416E1030,1
1643,S4416E1020,1
1642,S4416E0P60,1
2258,17051E1500,1
2257,17051E1D10,1
1852,S1205E0640,1
1260,82702E3330,1
1850,21893E3A70,1
635,S125124170,1
2278,5.73E+24,1
2279,5517337890,1
2280,S799951870,1
1834,S1702E0430,1
622,S125121761,1
2283,61086E0670,1
456,S223434030,1
1192,23205E0850,1
2286,17503E0330,1
2287,17503E0340,1
1830,S51E1E0450,1
2289,S167021180,1
1256,S340ME0020,1
427,S48GAE0260,1
1640,S4416E0Q70,1
1278,S340KE0180,1
1614,1.64E+234,1
848,S500AE0230,1
1139,17051E0M50,1
844,7.74E+94,1
350,5.31E+14,1
351,5.85E+124,1
1143,S4707E0590,1
354,5.37E+214,1
1550,S4402E0N11,1
818,S125124050,1
810,21557E0G70,1
802,S4416E0211,1
785,S230311300,1
767,17706E0400,1
728,S160161290,1
691,S170745060,1
1639,S4416E0Q40,1
2236,4.65E+194,1
674,17051E0K60,1
665,7818437560,1
1633,S4416E0P70,1
1634,S4416E0R01,1
1635,S4416E1010,1
661,S160LE0260,1
1156,S4701E0V00,1
2245,17051E1B70,1
2246,44919E0N40,1
1637,S4416E0Q21,1
1638,S4416E0Q30,1
2250,S125741320,1
2251,S125741330,1
2431,S276011420,1
